,"First Name","Last Name","Gender","Country","Age","Date",
"1","Dulce","Abril","Female","United States","32","15/10/2017","1562"
"2","Mara",,"Female","Great Britain","25","16/08/2016","1582"
"3","Philip","Gent","Male","France","36","21/05/2015","2587"
"4","Kathleen","Hanner",,,"25","15/10/2017","3549"
"5","Nereida","Magwood",,,"58","16/08/2016","2468"
"6",,"Brumm",,"Great Britain",,,"2554"
"7","Etta","Hurn",,"France","56","15/10/2017","3598"
"8","Earlean","Melgar",,"France","27","16/08/2016"
"9","Vincenza","Weiland",,"Great Britain","40","21/05/2015","6548"
"10","Fallon","Winward",,,"28","16/08/2016","5486"
"11","Arcelia","Bouska",,,"39",,"1258"
"12","Franklyn","Unknow",,,"38","15/10/2017","2579"
"13","Sherron","Ascencio",,,"32","16/08/2016","3256"
"14","Marcel","Zabriskie",,,"26","21/05/2015","2587"
"15","Kina","Hazelton","Female","Great Britain","31","16/08/2016","3259"
"16",,"Pia","Female","France","24","21/05/2015","1546"
"17","Shavon","Benito","Female","France","39","15/10/2017","3579"
"18","Lauralee","Perrine","Female","Great Britain","28"
"19","Loreta","Curren","Female","France","26"
